{
  "model": "yolo26n",
  "dataset": "traffic_cone (held-out val split)",
  "metrics": {
    "mAP": 0.6780739507073625,
    "mAP_50": 0.9166218558211405,
    "precision": 0.8939722484365443,
    "recall": 0.8468325856688257
  }
}