{
  "cosine": {
    "final_loss": 0.74187730550766,
    "metrics": {
      "mAP": 0.09247823401433752,
      "mAP_50": 0.16834476096001205,
      "mAP_75": 0.08230375283266464
    },
    "lr_curve": [
      0.005,
      0.004523497400965494,
      0.003275997400965494,
      0.0017340025990345064,
      0.0004865025990345064
    ],
    "loss_curve": [
      1.5100191295146943,
      0.7028542652726173,
      0.7974917143583298,
      0.7545848339796066,
      0.74187730550766
    ]
  },
  "step": {
    "final_loss": 0.7861007690429688,
    "metrics": {
      "mAP": 0.09648263458071617,
      "mAP_50": 0.18011794891093114,
      "mAP_75": 0.08086992117905577
    },
    "lr_curve": [
      0.005,
      0.005,
      0.005,
      0.0005,
      0.0005
    ],
    "loss_curve": [
      1.4686370819807053,
      0.7129945456981659,
      0.7942287147045135,
      0.7611289277672768,
      0.7861007690429688
    ]
  }
}